{"count":1,"gauges":{"BikeTrainer.CumulativeReward":{"count":3690772,"max":10165,"min":-0.01,"value":-0.01,"weightedAverage":-0.0025}},"self":1510.2989312,"total":6877.5359389999994,"children":{"AgentSendState":{"count":752601,"self":48.326697599999996,"total":108.912015,"children":{"CollectObservations":{"count":3160962,"self":16.5843696,"total":16.58437,"children":null},"AgentInfo.ToProto":{"count":3160962,"self":22.2639712,"total":44.000948,"children":{"GenerateSensorData":{"count":3160962,"self":21.7369776,"total":21.736977,"children":null}}}}},"DecideAction":{"count":752601,"self":5119.1885824,"total":5119.188666,"children":null},"AgentAct":{"count":752601,"self":87.0664896,"total":139.135188,"children":{"AgentInfo.ToProto":{"count":3690772,"self":26.917616,"total":52.068695999999996,"children":{"GenerateSensorData":{"count":3690772,"self":25.1510784,"total":25.151079,"children":null}}}}}}}